"name","run.no.in.std.order","run.no","run.no.std.rp","kernels","inputs","btl","Blocks"
"1","14",1,"14.1","sp.","D.x","^tcp",".1"
"2","25",2,"25.1","bt.","D.x","tcp,self",".1"
"3","4",3,"4.1","mg.","C.x","^tcp",".1"
"4","7",4,"7.1","is.","C.x","^tcp",".1"
"5","1",5,"1.1","bt.","C.x","^tcp",".1"
"6","2",6,"2.1","ep.","C.x","^tcp",".1"
"7","23",7,"23.1","is.","C.x","tcp,self",".1"
"8","11",8,"11.1","cg.","D.x","^tcp",".1"
"9","32",9,"32.1","ft.","D.x","tcp,self",".1"
"10","18",10,"18.1","ep.","C.x","tcp,self",".1"
"11","19",11,"19.1","cg.","C.x","tcp,self",".1"
"12","28",12,"28.1","mg.","D.x","tcp,self",".1"
"13","10",13,"10.1","ep.","D.x","^tcp",".1"
"14","24",14,"24.1","ft.","C.x","tcp,self",".1"
"15","20",15,"20.1","mg.","C.x","tcp,self",".1"
"16","29",16,"29.1","lu.","D.x","tcp,self",".1"
"17","9",17,"9.1","bt.","D.x","^tcp",".1"
"18","15",18,"15.1","is.","D.x","^tcp",".1"
"19","5",19,"5.1","lu.","C.x","^tcp",".1"
"20","22",20,"22.1","sp.","C.x","tcp,self",".1"
"21","16",21,"16.1","ft.","D.x","^tcp",".1"
"22","12",22,"12.1","mg.","D.x","^tcp",".1"
"23","13",23,"13.1","lu.","D.x","^tcp",".1"
"24","26",24,"26.1","ep.","D.x","tcp,self",".1"
"25","27",25,"27.1","cg.","D.x","tcp,self",".1"
"26","8",26,"8.1","ft.","C.x","^tcp",".1"
"27","6",27,"6.1","sp.","C.x","^tcp",".1"
"28","21",28,"21.1","lu.","C.x","tcp,self",".1"
"29","30",29,"30.1","sp.","D.x","tcp,self",".1"
"30","3",30,"3.1","cg.","C.x","^tcp",".1"
"31","31",31,"31.1","is.","D.x","tcp,self",".1"
"32","17",32,"17.1","bt.","C.x","tcp,self",".1"
"33","3",33,"3.2","cg.","C.x","^tcp",".2"
"34","6",34,"6.2","sp.","C.x","^tcp",".2"
"35","10",35,"10.2","ep.","D.x","^tcp",".2"
"36","30",36,"30.2","sp.","D.x","tcp,self",".2"
"37","31",37,"31.2","is.","D.x","tcp,self",".2"
"38","15",38,"15.2","is.","D.x","^tcp",".2"
"39","20",39,"20.2","mg.","C.x","tcp,self",".2"
"40","26",40,"26.2","ep.","D.x","tcp,self",".2"
"41","12",41,"12.2","mg.","D.x","^tcp",".2"
"42","23",42,"23.2","is.","C.x","tcp,self",".2"
"43","28",43,"28.2","mg.","D.x","tcp,self",".2"
"44","8",44,"8.2","ft.","C.x","^tcp",".2"
"45","24",45,"24.2","ft.","C.x","tcp,self",".2"
"46","22",46,"22.2","sp.","C.x","tcp,self",".2"
"47","7",47,"7.2","is.","C.x","^tcp",".2"
"48","29",48,"29.2","lu.","D.x","tcp,self",".2"
"49","19",49,"19.2","cg.","C.x","tcp,self",".2"
"50","21",50,"21.2","lu.","C.x","tcp,self",".2"
"51","14",51,"14.2","sp.","D.x","^tcp",".2"
"52","2",52,"2.2","ep.","C.x","^tcp",".2"
"53","13",53,"13.2","lu.","D.x","^tcp",".2"
"54","16",54,"16.2","ft.","D.x","^tcp",".2"
"55","11",55,"11.2","cg.","D.x","^tcp",".2"
"56","1",56,"1.2","bt.","C.x","^tcp",".2"
"57","32",57,"32.2","ft.","D.x","tcp,self",".2"
"58","27",58,"27.2","cg.","D.x","tcp,self",".2"
"59","17",59,"17.2","bt.","C.x","tcp,self",".2"
"60","4",60,"4.2","mg.","C.x","^tcp",".2"
"61","25",61,"25.2","bt.","D.x","tcp,self",".2"
"62","18",62,"18.2","ep.","C.x","tcp,self",".2"
"63","9",63,"9.2","bt.","D.x","^tcp",".2"
"64","5",64,"5.2","lu.","C.x","^tcp",".2"
"65","4",65,"4.3","mg.","C.x","^tcp",".3"
"66","13",66,"13.3","lu.","D.x","^tcp",".3"
"67","8",67,"8.3","ft.","C.x","^tcp",".3"
"68","25",68,"25.3","bt.","D.x","tcp,self",".3"
"69","16",69,"16.3","ft.","D.x","^tcp",".3"
"70","29",70,"29.3","lu.","D.x","tcp,self",".3"
"71","23",71,"23.3","is.","C.x","tcp,self",".3"
"72","14",72,"14.3","sp.","D.x","^tcp",".3"
"73","20",73,"20.3","mg.","C.x","tcp,self",".3"
"74","7",74,"7.3","is.","C.x","^tcp",".3"
"75","31",75,"31.3","is.","D.x","tcp,self",".3"
"76","12",76,"12.3","mg.","D.x","^tcp",".3"
"77","28",77,"28.3","mg.","D.x","tcp,self",".3"
"78","1",78,"1.3","bt.","C.x","^tcp",".3"
"79","22",79,"22.3","sp.","C.x","tcp,self",".3"
"80","6",80,"6.3","sp.","C.x","^tcp",".3"
"81","19",81,"19.3","cg.","C.x","tcp,self",".3"
"82","9",82,"9.3","bt.","D.x","^tcp",".3"
"83","26",83,"26.3","ep.","D.x","tcp,self",".3"
"84","27",84,"27.3","cg.","D.x","tcp,self",".3"
"85","3",85,"3.3","cg.","C.x","^tcp",".3"
"86","17",86,"17.3","bt.","C.x","tcp,self",".3"
"87","2",87,"2.3","ep.","C.x","^tcp",".3"
"88","18",88,"18.3","ep.","C.x","tcp,self",".3"
"89","32",89,"32.3","ft.","D.x","tcp,self",".3"
"90","21",90,"21.3","lu.","C.x","tcp,self",".3"
"91","5",91,"5.3","lu.","C.x","^tcp",".3"
"92","10",92,"10.3","ep.","D.x","^tcp",".3"
"93","11",93,"11.3","cg.","D.x","^tcp",".3"
"94","24",94,"24.3","ft.","C.x","tcp,self",".3"
"95","15",95,"15.3","is.","D.x","^tcp",".3"
"96","30",96,"30.3","sp.","D.x","tcp,self",".3"
"97","26",97,"26.4","ep.","D.x","tcp,self",".4"
"98","15",98,"15.4","is.","D.x","^tcp",".4"
"99","32",99,"32.4","ft.","D.x","tcp,self",".4"
"100","29",100,"29.4","lu.","D.x","tcp,self",".4"
"101","24",101,"24.4","ft.","C.x","tcp,self",".4"
"102","10",102,"10.4","ep.","D.x","^tcp",".4"
"103","16",103,"16.4","ft.","D.x","^tcp",".4"
"104","21",104,"21.4","lu.","C.x","tcp,self",".4"
"105","12",105,"12.4","mg.","D.x","^tcp",".4"
"106","7",106,"7.4","is.","C.x","^tcp",".4"
"107","25",107,"25.4","bt.","D.x","tcp,self",".4"
"108","8",108,"8.4","ft.","C.x","^tcp",".4"
"109","1",109,"1.4","bt.","C.x","^tcp",".4"
"110","19",110,"19.4","cg.","C.x","tcp,self",".4"
"111","3",111,"3.4","cg.","C.x","^tcp",".4"
"112","11",112,"11.4","cg.","D.x","^tcp",".4"
"113","20",113,"20.4","mg.","C.x","tcp,self",".4"
"114","13",114,"13.4","lu.","D.x","^tcp",".4"
"115","14",115,"14.4","sp.","D.x","^tcp",".4"
"116","6",116,"6.4","sp.","C.x","^tcp",".4"
"117","31",117,"31.4","is.","D.x","tcp,self",".4"
"118","4",118,"4.4","mg.","C.x","^tcp",".4"
"119","9",119,"9.4","bt.","D.x","^tcp",".4"
"120","5",120,"5.4","lu.","C.x","^tcp",".4"
"121","27",121,"27.4","cg.","D.x","tcp,self",".4"
"122","28",122,"28.4","mg.","D.x","tcp,self",".4"
"123","30",123,"30.4","sp.","D.x","tcp,self",".4"
"124","18",124,"18.4","ep.","C.x","tcp,self",".4"
"125","2",125,"2.4","ep.","C.x","^tcp",".4"
"126","22",126,"22.4","sp.","C.x","tcp,self",".4"
"127","23",127,"23.4","is.","C.x","tcp,self",".4"
"128","17",128,"17.4","bt.","C.x","tcp,self",".4"
"129","3",129,"3.5","cg.","C.x","^tcp",".5"
"130","19",130,"19.5","cg.","C.x","tcp,self",".5"
"131","12",131,"12.5","mg.","D.x","^tcp",".5"
"132","17",132,"17.5","bt.","C.x","tcp,self",".5"
"133","9",133,"9.5","bt.","D.x","^tcp",".5"
"134","18",134,"18.5","ep.","C.x","tcp,self",".5"
"135","24",135,"24.5","ft.","C.x","tcp,self",".5"
"136","22",136,"22.5","sp.","C.x","tcp,self",".5"
"137","29",137,"29.5","lu.","D.x","tcp,self",".5"
"138","27",138,"27.5","cg.","D.x","tcp,self",".5"
"139","15",139,"15.5","is.","D.x","^tcp",".5"
"140","7",140,"7.5","is.","C.x","^tcp",".5"
"141","25",141,"25.5","bt.","D.x","tcp,self",".5"
"142","31",142,"31.5","is.","D.x","tcp,self",".5"
"143","16",143,"16.5","ft.","D.x","^tcp",".5"
"144","4",144,"4.5","mg.","C.x","^tcp",".5"
"145","2",145,"2.5","ep.","C.x","^tcp",".5"
"146","1",146,"1.5","bt.","C.x","^tcp",".5"
"147","30",147,"30.5","sp.","D.x","tcp,self",".5"
"148","21",148,"21.5","lu.","C.x","tcp,self",".5"
"149","28",149,"28.5","mg.","D.x","tcp,self",".5"
"150","10",150,"10.5","ep.","D.x","^tcp",".5"
"151","11",151,"11.5","cg.","D.x","^tcp",".5"
"152","23",152,"23.5","is.","C.x","tcp,self",".5"
"153","14",153,"14.5","sp.","D.x","^tcp",".5"
"154","32",154,"32.5","ft.","D.x","tcp,self",".5"
"155","20",155,"20.5","mg.","C.x","tcp,self",".5"
"156","8",156,"8.5","ft.","C.x","^tcp",".5"
"157","13",157,"13.5","lu.","D.x","^tcp",".5"
"158","26",158,"26.5","ep.","D.x","tcp,self",".5"
"159","6",159,"6.5","sp.","C.x","^tcp",".5"
"160","5",160,"5.5","lu.","C.x","^tcp",".5"
"161","14",161,"14.6","sp.","D.x","^tcp",".6"
"162","19",162,"19.6","cg.","C.x","tcp,self",".6"
"163","13",163,"13.6","lu.","D.x","^tcp",".6"
"164","11",164,"11.6","cg.","D.x","^tcp",".6"
"165","16",165,"16.6","ft.","D.x","^tcp",".6"
"166","8",166,"8.6","ft.","C.x","^tcp",".6"
"167","9",167,"9.6","bt.","D.x","^tcp",".6"
"168","18",168,"18.6","ep.","C.x","tcp,self",".6"
"169","24",169,"24.6","ft.","C.x","tcp,self",".6"
"170","10",170,"10.6","ep.","D.x","^tcp",".6"
"171","15",171,"15.6","is.","D.x","^tcp",".6"
"172","3",172,"3.6","cg.","C.x","^tcp",".6"
"173","5",173,"5.6","lu.","C.x","^tcp",".6"
"174","20",174,"20.6","mg.","C.x","tcp,self",".6"
"175","7",175,"7.6","is.","C.x","^tcp",".6"
"176","31",176,"31.6","is.","D.x","tcp,self",".6"
"177","30",177,"30.6","sp.","D.x","tcp,self",".6"
"178","12",178,"12.6","mg.","D.x","^tcp",".6"
"179","32",179,"32.6","ft.","D.x","tcp,self",".6"
"180","22",180,"22.6","sp.","C.x","tcp,self",".6"
"181","6",181,"6.6","sp.","C.x","^tcp",".6"
"182","4",182,"4.6","mg.","C.x","^tcp",".6"
"183","2",183,"2.6","ep.","C.x","^tcp",".6"
"184","1",184,"1.6","bt.","C.x","^tcp",".6"
"185","27",185,"27.6","cg.","D.x","tcp,self",".6"
"186","21",186,"21.6","lu.","C.x","tcp,self",".6"
"187","26",187,"26.6","ep.","D.x","tcp,self",".6"
"188","28",188,"28.6","mg.","D.x","tcp,self",".6"
"189","29",189,"29.6","lu.","D.x","tcp,self",".6"
"190","25",190,"25.6","bt.","D.x","tcp,self",".6"
"191","17",191,"17.6","bt.","C.x","tcp,self",".6"
"192","23",192,"23.6","is.","C.x","tcp,self",".6"
"193","27",193,"27.7","cg.","D.x","tcp,self",".7"
"194","12",194,"12.7","mg.","D.x","^tcp",".7"
"195","21",195,"21.7","lu.","C.x","tcp,self",".7"
"196","8",196,"8.7","ft.","C.x","^tcp",".7"
"197","4",197,"4.7","mg.","C.x","^tcp",".7"
"198","17",198,"17.7","bt.","C.x","tcp,self",".7"
"199","9",199,"9.7","bt.","D.x","^tcp",".7"
"200","30",200,"30.7","sp.","D.x","tcp,self",".7"
"201","1",201,"1.7","bt.","C.x","^tcp",".7"
"202","25",202,"25.7","bt.","D.x","tcp,self",".7"
"203","20",203,"20.7","mg.","C.x","tcp,self",".7"
"204","10",204,"10.7","ep.","D.x","^tcp",".7"
"205","14",205,"14.7","sp.","D.x","^tcp",".7"
"206","23",206,"23.7","is.","C.x","tcp,self",".7"
"207","6",207,"6.7","sp.","C.x","^tcp",".7"
"208","16",208,"16.7","ft.","D.x","^tcp",".7"
"209","22",209,"22.7","sp.","C.x","tcp,self",".7"
"210","32",210,"32.7","ft.","D.x","tcp,self",".7"
"211","13",211,"13.7","lu.","D.x","^tcp",".7"
"212","2",212,"2.7","ep.","C.x","^tcp",".7"
"213","29",213,"29.7","lu.","D.x","tcp,self",".7"
"214","28",214,"28.7","mg.","D.x","tcp,self",".7"
"215","19",215,"19.7","cg.","C.x","tcp,self",".7"
"216","31",216,"31.7","is.","D.x","tcp,self",".7"
"217","5",217,"5.7","lu.","C.x","^tcp",".7"
"218","26",218,"26.7","ep.","D.x","tcp,self",".7"
"219","11",219,"11.7","cg.","D.x","^tcp",".7"
"220","18",220,"18.7","ep.","C.x","tcp,self",".7"
"221","24",221,"24.7","ft.","C.x","tcp,self",".7"
"222","15",222,"15.7","is.","D.x","^tcp",".7"
"223","3",223,"3.7","cg.","C.x","^tcp",".7"
"224","7",224,"7.7","is.","C.x","^tcp",".7"
"225","9",225,"9.8","bt.","D.x","^tcp",".8"
"226","27",226,"27.8","cg.","D.x","tcp,self",".8"
"227","32",227,"32.8","ft.","D.x","tcp,self",".8"
"228","15",228,"15.8","is.","D.x","^tcp",".8"
"229","25",229,"25.8","bt.","D.x","tcp,self",".8"
"230","6",230,"6.8","sp.","C.x","^tcp",".8"
"231","31",231,"31.8","is.","D.x","tcp,self",".8"
"232","4",232,"4.8","mg.","C.x","^tcp",".8"
"233","3",233,"3.8","cg.","C.x","^tcp",".8"
"234","24",234,"24.8","ft.","C.x","tcp,self",".8"
"235","13",235,"13.8","lu.","D.x","^tcp",".8"
"236","30",236,"30.8","sp.","D.x","tcp,self",".8"
"237","7",237,"7.8","is.","C.x","^tcp",".8"
"238","14",238,"14.8","sp.","D.x","^tcp",".8"
"239","5",239,"5.8","lu.","C.x","^tcp",".8"
"240","20",240,"20.8","mg.","C.x","tcp,self",".8"
"241","12",241,"12.8","mg.","D.x","^tcp",".8"
"242","28",242,"28.8","mg.","D.x","tcp,self",".8"
"243","19",243,"19.8","cg.","C.x","tcp,self",".8"
"244","29",244,"29.8","lu.","D.x","tcp,self",".8"
"245","10",245,"10.8","ep.","D.x","^tcp",".8"
"246","8",246,"8.8","ft.","C.x","^tcp",".8"
"247","1",247,"1.8","bt.","C.x","^tcp",".8"
"248","2",248,"2.8","ep.","C.x","^tcp",".8"
"249","21",249,"21.8","lu.","C.x","tcp,self",".8"
"250","16",250,"16.8","ft.","D.x","^tcp",".8"
"251","17",251,"17.8","bt.","C.x","tcp,self",".8"
"252","22",252,"22.8","sp.","C.x","tcp,self",".8"
"253","18",253,"18.8","ep.","C.x","tcp,self",".8"
"254","26",254,"26.8","ep.","D.x","tcp,self",".8"
"255","23",255,"23.8","is.","C.x","tcp,self",".8"
"256","11",256,"11.8","cg.","D.x","^tcp",".8"
"257","25",257,"25.9","bt.","D.x","tcp,self",".9"
"258","24",258,"24.9","ft.","C.x","tcp,self",".9"
"259","5",259,"5.9","lu.","C.x","^tcp",".9"
"260","12",260,"12.9","mg.","D.x","^tcp",".9"
"261","15",261,"15.9","is.","D.x","^tcp",".9"
"262","14",262,"14.9","sp.","D.x","^tcp",".9"
"263","28",263,"28.9","mg.","D.x","tcp,self",".9"
"264","17",264,"17.9","bt.","C.x","tcp,self",".9"
"265","26",265,"26.9","ep.","D.x","tcp,self",".9"
"266","18",266,"18.9","ep.","C.x","tcp,self",".9"
"267","1",267,"1.9","bt.","C.x","^tcp",".9"
"268","8",268,"8.9","ft.","C.x","^tcp",".9"
"269","10",269,"10.9","ep.","D.x","^tcp",".9"
"270","7",270,"7.9","is.","C.x","^tcp",".9"
"271","19",271,"19.9","cg.","C.x","tcp,self",".9"
"272","11",272,"11.9","cg.","D.x","^tcp",".9"
"273","2",273,"2.9","ep.","C.x","^tcp",".9"
"274","9",274,"9.9","bt.","D.x","^tcp",".9"
"275","4",275,"4.9","mg.","C.x","^tcp",".9"
"276","16",276,"16.9","ft.","D.x","^tcp",".9"
"277","30",277,"30.9","sp.","D.x","tcp,self",".9"
"278","32",278,"32.9","ft.","D.x","tcp,self",".9"
"279","13",279,"13.9","lu.","D.x","^tcp",".9"
"280","27",280,"27.9","cg.","D.x","tcp,self",".9"
"281","3",281,"3.9","cg.","C.x","^tcp",".9"
"282","21",282,"21.9","lu.","C.x","tcp,self",".9"
"283","6",283,"6.9","sp.","C.x","^tcp",".9"
"284","22",284,"22.9","sp.","C.x","tcp,self",".9"
"285","23",285,"23.9","is.","C.x","tcp,self",".9"
"286","31",286,"31.9","is.","D.x","tcp,self",".9"
"287","29",287,"29.9","lu.","D.x","tcp,self",".9"
"288","20",288,"20.9","mg.","C.x","tcp,self",".9"
"289","14",289,"14.10","sp.","D.x","^tcp",".10"
"290","5",290,"5.10","lu.","C.x","^tcp",".10"
"291","11",291,"11.10","cg.","D.x","^tcp",".10"
"292","30",292,"30.10","sp.","D.x","tcp,self",".10"
"293","17",293,"17.10","bt.","C.x","tcp,self",".10"
"294","1",294,"1.10","bt.","C.x","^tcp",".10"
"295","26",295,"26.10","ep.","D.x","tcp,self",".10"
"296","13",296,"13.10","lu.","D.x","^tcp",".10"
"297","27",297,"27.10","cg.","D.x","tcp,self",".10"
"298","19",298,"19.10","cg.","C.x","tcp,self",".10"
"299","4",299,"4.10","mg.","C.x","^tcp",".10"
"300","16",300,"16.10","ft.","D.x","^tcp",".10"
"301","28",301,"28.10","mg.","D.x","tcp,self",".10"
"302","7",302,"7.10","is.","C.x","^tcp",".10"
"303","6",303,"6.10","sp.","C.x","^tcp",".10"
"304","21",304,"21.10","lu.","C.x","tcp,self",".10"
"305","2",305,"2.10","ep.","C.x","^tcp",".10"
"306","25",306,"25.10","bt.","D.x","tcp,self",".10"
"307","15",307,"15.10","is.","D.x","^tcp",".10"
"308","3",308,"3.10","cg.","C.x","^tcp",".10"
"309","10",309,"10.10","ep.","D.x","^tcp",".10"
"310","18",310,"18.10","ep.","C.x","tcp,self",".10"
"311","23",311,"23.10","is.","C.x","tcp,self",".10"
"312","24",312,"24.10","ft.","C.x","tcp,self",".10"
"313","9",313,"9.10","bt.","D.x","^tcp",".10"
"314","12",314,"12.10","mg.","D.x","^tcp",".10"
"315","29",315,"29.10","lu.","D.x","tcp,self",".10"
"316","8",316,"8.10","ft.","C.x","^tcp",".10"
"317","32",317,"32.10","ft.","D.x","tcp,self",".10"
"318","22",318,"22.10","sp.","C.x","tcp,self",".10"
"319","31",319,"31.10","is.","D.x","tcp,self",".10"
"320","20",320,"20.10","mg.","C.x","tcp,self",".10"
"321","18",321,"18.11","ep.","C.x","tcp,self",".11"
"322","5",322,"5.11","lu.","C.x","^tcp",".11"
"323","28",323,"28.11","mg.","D.x","tcp,self",".11"
"324","26",324,"26.11","ep.","D.x","tcp,self",".11"
"325","29",325,"29.11","lu.","D.x","tcp,self",".11"
"326","16",326,"16.11","ft.","D.x","^tcp",".11"
"327","8",327,"8.11","ft.","C.x","^tcp",".11"
"328","2",328,"2.11","ep.","C.x","^tcp",".11"
"329","4",329,"4.11","mg.","C.x","^tcp",".11"
"330","6",330,"6.11","sp.","C.x","^tcp",".11"
"331","17",331,"17.11","bt.","C.x","tcp,self",".11"
"332","9",332,"9.11","bt.","D.x","^tcp",".11"
"333","13",333,"13.11","lu.","D.x","^tcp",".11"
"334","14",334,"14.11","sp.","D.x","^tcp",".11"
"335","21",335,"21.11","lu.","C.x","tcp,self",".11"
"336","11",336,"11.11","cg.","D.x","^tcp",".11"
"337","31",337,"31.11","is.","D.x","tcp,self",".11"
"338","30",338,"30.11","sp.","D.x","tcp,self",".11"
"339","3",339,"3.11","cg.","C.x","^tcp",".11"
"340","19",340,"19.11","cg.","C.x","tcp,self",".11"
"341","20",341,"20.11","mg.","C.x","tcp,self",".11"
"342","1",342,"1.11","bt.","C.x","^tcp",".11"
"343","24",343,"24.11","ft.","C.x","tcp,self",".11"
"344","10",344,"10.11","ep.","D.x","^tcp",".11"
"345","27",345,"27.11","cg.","D.x","tcp,self",".11"
"346","32",346,"32.11","ft.","D.x","tcp,self",".11"
"347","22",347,"22.11","sp.","C.x","tcp,self",".11"
"348","15",348,"15.11","is.","D.x","^tcp",".11"
"349","25",349,"25.11","bt.","D.x","tcp,self",".11"
"350","23",350,"23.11","is.","C.x","tcp,self",".11"
"351","7",351,"7.11","is.","C.x","^tcp",".11"
"352","12",352,"12.11","mg.","D.x","^tcp",".11"
"353","3",353,"3.12","cg.","C.x","^tcp",".12"
"354","25",354,"25.12","bt.","D.x","tcp,self",".12"
"355","23",355,"23.12","is.","C.x","tcp,self",".12"
"356","29",356,"29.12","lu.","D.x","tcp,self",".12"
"357","21",357,"21.12","lu.","C.x","tcp,self",".12"
"358","32",358,"32.12","ft.","D.x","tcp,self",".12"
"359","4",359,"4.12","mg.","C.x","^tcp",".12"
"360","9",360,"9.12","bt.","D.x","^tcp",".12"
"361","30",361,"30.12","sp.","D.x","tcp,self",".12"
"362","27",362,"27.12","cg.","D.x","tcp,self",".12"
"363","24",363,"24.12","ft.","C.x","tcp,self",".12"
"364","20",364,"20.12","mg.","C.x","tcp,self",".12"
"365","31",365,"31.12","is.","D.x","tcp,self",".12"
"366","19",366,"19.12","cg.","C.x","tcp,self",".12"
"367","12",367,"12.12","mg.","D.x","^tcp",".12"
"368","18",368,"18.12","ep.","C.x","tcp,self",".12"
"369","7",369,"7.12","is.","C.x","^tcp",".12"
"370","13",370,"13.12","lu.","D.x","^tcp",".12"
"371","11",371,"11.12","cg.","D.x","^tcp",".12"
"372","26",372,"26.12","ep.","D.x","tcp,self",".12"
"373","22",373,"22.12","sp.","C.x","tcp,self",".12"
"374","16",374,"16.12","ft.","D.x","^tcp",".12"
"375","1",375,"1.12","bt.","C.x","^tcp",".12"
"376","5",376,"5.12","lu.","C.x","^tcp",".12"
"377","17",377,"17.12","bt.","C.x","tcp,self",".12"
"378","14",378,"14.12","sp.","D.x","^tcp",".12"
"379","28",379,"28.12","mg.","D.x","tcp,self",".12"
"380","15",380,"15.12","is.","D.x","^tcp",".12"
"381","10",381,"10.12","ep.","D.x","^tcp",".12"
"382","6",382,"6.12","sp.","C.x","^tcp",".12"
"383","8",383,"8.12","ft.","C.x","^tcp",".12"
"384","2",384,"2.12","ep.","C.x","^tcp",".12"
"385","15",385,"15.13","is.","D.x","^tcp",".13"
"386","19",386,"19.13","cg.","C.x","tcp,self",".13"
"387","28",387,"28.13","mg.","D.x","tcp,self",".13"
"388","5",388,"5.13","lu.","C.x","^tcp",".13"
"389","24",389,"24.13","ft.","C.x","tcp,self",".13"
"390","14",390,"14.13","sp.","D.x","^tcp",".13"
"391","7",391,"7.13","is.","C.x","^tcp",".13"
"392","13",392,"13.13","lu.","D.x","^tcp",".13"
"393","32",393,"32.13","ft.","D.x","tcp,self",".13"
"394","18",394,"18.13","ep.","C.x","tcp,self",".13"
"395","6",395,"6.13","sp.","C.x","^tcp",".13"
"396","2",396,"2.13","ep.","C.x","^tcp",".13"
"397","1",397,"1.13","bt.","C.x","^tcp",".13"
"398","17",398,"17.13","bt.","C.x","tcp,self",".13"
"399","25",399,"25.13","bt.","D.x","tcp,self",".13"
"400","23",400,"23.13","is.","C.x","tcp,self",".13"
"401","10",401,"10.13","ep.","D.x","^tcp",".13"
"402","8",402,"8.13","ft.","C.x","^tcp",".13"
"403","21",403,"21.13","lu.","C.x","tcp,self",".13"
"404","9",404,"9.13","bt.","D.x","^tcp",".13"
"405","31",405,"31.13","is.","D.x","tcp,self",".13"
"406","30",406,"30.13","sp.","D.x","tcp,self",".13"
"407","11",407,"11.13","cg.","D.x","^tcp",".13"
"408","12",408,"12.13","mg.","D.x","^tcp",".13"
"409","26",409,"26.13","ep.","D.x","tcp,self",".13"
"410","4",410,"4.13","mg.","C.x","^tcp",".13"
"411","22",411,"22.13","sp.","C.x","tcp,self",".13"
"412","27",412,"27.13","cg.","D.x","tcp,self",".13"
"413","16",413,"16.13","ft.","D.x","^tcp",".13"
"414","20",414,"20.13","mg.","C.x","tcp,self",".13"
"415","29",415,"29.13","lu.","D.x","tcp,self",".13"
"416","3",416,"3.13","cg.","C.x","^tcp",".13"
"417","20",417,"20.14","mg.","C.x","tcp,self",".14"
"418","23",418,"23.14","is.","C.x","tcp,self",".14"
"419","24",419,"24.14","ft.","C.x","tcp,self",".14"
"420","15",420,"15.14","is.","D.x","^tcp",".14"
"421","2",421,"2.14","ep.","C.x","^tcp",".14"
"422","1",422,"1.14","bt.","C.x","^tcp",".14"
"423","5",423,"5.14","lu.","C.x","^tcp",".14"
"424","25",424,"25.14","bt.","D.x","tcp,self",".14"
"425","26",425,"26.14","ep.","D.x","tcp,self",".14"
"426","8",426,"8.14","ft.","C.x","^tcp",".14"
"427","13",427,"13.14","lu.","D.x","^tcp",".14"
"428","4",428,"4.14","mg.","C.x","^tcp",".14"
"429","10",429,"10.14","ep.","D.x","^tcp",".14"
"430","6",430,"6.14","sp.","C.x","^tcp",".14"
"431","18",431,"18.14","ep.","C.x","tcp,self",".14"
"432","30",432,"30.14","sp.","D.x","tcp,self",".14"
"433","21",433,"21.14","lu.","C.x","tcp,self",".14"
"434","27",434,"27.14","cg.","D.x","tcp,self",".14"
"435","19",435,"19.14","cg.","C.x","tcp,self",".14"
"436","22",436,"22.14","sp.","C.x","tcp,self",".14"
"437","31",437,"31.14","is.","D.x","tcp,self",".14"
"438","29",438,"29.14","lu.","D.x","tcp,self",".14"
"439","3",439,"3.14","cg.","C.x","^tcp",".14"
"440","11",440,"11.14","cg.","D.x","^tcp",".14"
"441","32",441,"32.14","ft.","D.x","tcp,self",".14"
"442","14",442,"14.14","sp.","D.x","^tcp",".14"
"443","7",443,"7.14","is.","C.x","^tcp",".14"
"444","12",444,"12.14","mg.","D.x","^tcp",".14"
"445","16",445,"16.14","ft.","D.x","^tcp",".14"
"446","17",446,"17.14","bt.","C.x","tcp,self",".14"
"447","9",447,"9.14","bt.","D.x","^tcp",".14"
"448","28",448,"28.14","mg.","D.x","tcp,self",".14"
"449","20",449,"20.15","mg.","C.x","tcp,self",".15"
"450","19",450,"19.15","cg.","C.x","tcp,self",".15"
"451","5",451,"5.15","lu.","C.x","^tcp",".15"
"452","2",452,"2.15","ep.","C.x","^tcp",".15"
"453","21",453,"21.15","lu.","C.x","tcp,self",".15"
"454","30",454,"30.15","sp.","D.x","tcp,self",".15"
"455","12",455,"12.15","mg.","D.x","^tcp",".15"
"456","3",456,"3.15","cg.","C.x","^tcp",".15"
"457","18",457,"18.15","ep.","C.x","tcp,self",".15"
"458","14",458,"14.15","sp.","D.x","^tcp",".15"
"459","13",459,"13.15","lu.","D.x","^tcp",".15"
"460","15",460,"15.15","is.","D.x","^tcp",".15"
"461","29",461,"29.15","lu.","D.x","tcp,self",".15"
"462","22",462,"22.15","sp.","C.x","tcp,self",".15"
"463","16",463,"16.15","ft.","D.x","^tcp",".15"
"464","7",464,"7.15","is.","C.x","^tcp",".15"
"465","24",465,"24.15","ft.","C.x","tcp,self",".15"
"466","26",466,"26.15","ep.","D.x","tcp,self",".15"
"467","1",467,"1.15","bt.","C.x","^tcp",".15"
"468","11",468,"11.15","cg.","D.x","^tcp",".15"
"469","9",469,"9.15","bt.","D.x","^tcp",".15"
"470","8",470,"8.15","ft.","C.x","^tcp",".15"
"471","6",471,"6.15","sp.","C.x","^tcp",".15"
"472","10",472,"10.15","ep.","D.x","^tcp",".15"
"473","25",473,"25.15","bt.","D.x","tcp,self",".15"
"474","31",474,"31.15","is.","D.x","tcp,self",".15"
"475","4",475,"4.15","mg.","C.x","^tcp",".15"
"476","32",476,"32.15","ft.","D.x","tcp,self",".15"
"477","27",477,"27.15","cg.","D.x","tcp,self",".15"
"478","23",478,"23.15","is.","C.x","tcp,self",".15"
"479","28",479,"28.15","mg.","D.x","tcp,self",".15"
"480","17",480,"17.15","bt.","C.x","tcp,self",".15"
"481","28",481,"28.16","mg.","D.x","tcp,self",".16"
"482","13",482,"13.16","lu.","D.x","^tcp",".16"
"483","22",483,"22.16","sp.","C.x","tcp,self",".16"
"484","26",484,"26.16","ep.","D.x","tcp,self",".16"
"485","2",485,"2.16","ep.","C.x","^tcp",".16"
"486","15",486,"15.16","is.","D.x","^tcp",".16"
"487","4",487,"4.16","mg.","C.x","^tcp",".16"
"488","12",488,"12.16","mg.","D.x","^tcp",".16"
"489","5",489,"5.16","lu.","C.x","^tcp",".16"
"490","23",490,"23.16","is.","C.x","tcp,self",".16"
"491","6",491,"6.16","sp.","C.x","^tcp",".16"
"492","19",492,"19.16","cg.","C.x","tcp,self",".16"
"493","20",493,"20.16","mg.","C.x","tcp,self",".16"
"494","25",494,"25.16","bt.","D.x","tcp,self",".16"
"495","3",495,"3.16","cg.","C.x","^tcp",".16"
"496","29",496,"29.16","lu.","D.x","tcp,self",".16"
"497","27",497,"27.16","cg.","D.x","tcp,self",".16"
"498","14",498,"14.16","sp.","D.x","^tcp",".16"
"499","10",499,"10.16","ep.","D.x","^tcp",".16"
"500","31",500,"31.16","is.","D.x","tcp,self",".16"
"501","18",501,"18.16","ep.","C.x","tcp,self",".16"
"502","32",502,"32.16","ft.","D.x","tcp,self",".16"
"503","30",503,"30.16","sp.","D.x","tcp,self",".16"
"504","21",504,"21.16","lu.","C.x","tcp,self",".16"
"505","24",505,"24.16","ft.","C.x","tcp,self",".16"
"506","17",506,"17.16","bt.","C.x","tcp,self",".16"
"507","7",507,"7.16","is.","C.x","^tcp",".16"
"508","11",508,"11.16","cg.","D.x","^tcp",".16"
"509","1",509,"1.16","bt.","C.x","^tcp",".16"
"510","16",510,"16.16","ft.","D.x","^tcp",".16"
"511","9",511,"9.16","bt.","D.x","^tcp",".16"
"512","8",512,"8.16","ft.","C.x","^tcp",".16"
"513","16",513,"16.17","ft.","D.x","^tcp",".17"
"514","26",514,"26.17","ep.","D.x","tcp,self",".17"
"515","5",515,"5.17","lu.","C.x","^tcp",".17"
"516","24",516,"24.17","ft.","C.x","tcp,self",".17"
"517","21",517,"21.17","lu.","C.x","tcp,self",".17"
"518","3",518,"3.17","cg.","C.x","^tcp",".17"
"519","31",519,"31.17","is.","D.x","tcp,self",".17"
"520","23",520,"23.17","is.","C.x","tcp,self",".17"
"521","4",521,"4.17","mg.","C.x","^tcp",".17"
"522","25",522,"25.17","bt.","D.x","tcp,self",".17"
"523","17",523,"17.17","bt.","C.x","tcp,self",".17"
"524","15",524,"15.17","is.","D.x","^tcp",".17"
"525","27",525,"27.17","cg.","D.x","tcp,self",".17"
"526","32",526,"32.17","ft.","D.x","tcp,self",".17"
"527","19",527,"19.17","cg.","C.x","tcp,self",".17"
"528","29",528,"29.17","lu.","D.x","tcp,self",".17"
"529","22",529,"22.17","sp.","C.x","tcp,self",".17"
"530","10",530,"10.17","ep.","D.x","^tcp",".17"
"531","18",531,"18.17","ep.","C.x","tcp,self",".17"
"532","30",532,"30.17","sp.","D.x","tcp,self",".17"
"533","1",533,"1.17","bt.","C.x","^tcp",".17"
"534","13",534,"13.17","lu.","D.x","^tcp",".17"
"535","6",535,"6.17","sp.","C.x","^tcp",".17"
"536","11",536,"11.17","cg.","D.x","^tcp",".17"
"537","12",537,"12.17","mg.","D.x","^tcp",".17"
"538","20",538,"20.17","mg.","C.x","tcp,self",".17"
"539","7",539,"7.17","is.","C.x","^tcp",".17"
"540","2",540,"2.17","ep.","C.x","^tcp",".17"
"541","14",541,"14.17","sp.","D.x","^tcp",".17"
"542","28",542,"28.17","mg.","D.x","tcp,self",".17"
"543","9",543,"9.17","bt.","D.x","^tcp",".17"
"544","8",544,"8.17","ft.","C.x","^tcp",".17"
"545","4",545,"4.18","mg.","C.x","^tcp",".18"
"546","25",546,"25.18","bt.","D.x","tcp,self",".18"
"547","6",547,"6.18","sp.","C.x","^tcp",".18"
"548","20",548,"20.18","mg.","C.x","tcp,self",".18"
"549","8",549,"8.18","ft.","C.x","^tcp",".18"
"550","22",550,"22.18","sp.","C.x","tcp,self",".18"
"551","1",551,"1.18","bt.","C.x","^tcp",".18"
"552","28",552,"28.18","mg.","D.x","tcp,self",".18"
"553","11",553,"11.18","cg.","D.x","^tcp",".18"
"554","24",554,"24.18","ft.","C.x","tcp,self",".18"
"555","27",555,"27.18","cg.","D.x","tcp,self",".18"
"556","21",556,"21.18","lu.","C.x","tcp,self",".18"
"557","17",557,"17.18","bt.","C.x","tcp,self",".18"
"558","9",558,"9.18","bt.","D.x","^tcp",".18"
"559","18",559,"18.18","ep.","C.x","tcp,self",".18"
"560","12",560,"12.18","mg.","D.x","^tcp",".18"
"561","31",561,"31.18","is.","D.x","tcp,self",".18"
"562","7",562,"7.18","is.","C.x","^tcp",".18"
"563","30",563,"30.18","sp.","D.x","tcp,self",".18"
"564","19",564,"19.18","cg.","C.x","tcp,self",".18"
"565","23",565,"23.18","is.","C.x","tcp,self",".18"
"566","3",566,"3.18","cg.","C.x","^tcp",".18"
"567","10",567,"10.18","ep.","D.x","^tcp",".18"
"568","5",568,"5.18","lu.","C.x","^tcp",".18"
"569","26",569,"26.18","ep.","D.x","tcp,self",".18"
"570","2",570,"2.18","ep.","C.x","^tcp",".18"
"571","15",571,"15.18","is.","D.x","^tcp",".18"
"572","14",572,"14.18","sp.","D.x","^tcp",".18"
"573","32",573,"32.18","ft.","D.x","tcp,self",".18"
"574","29",574,"29.18","lu.","D.x","tcp,self",".18"
"575","13",575,"13.18","lu.","D.x","^tcp",".18"
"576","16",576,"16.18","ft.","D.x","^tcp",".18"
"577","11",577,"11.19","cg.","D.x","^tcp",".19"
"578","13",578,"13.19","lu.","D.x","^tcp",".19"
"579","19",579,"19.19","cg.","C.x","tcp,self",".19"
"580","2",580,"2.19","ep.","C.x","^tcp",".19"
"581","8",581,"8.19","ft.","C.x","^tcp",".19"
"582","6",582,"6.19","sp.","C.x","^tcp",".19"
"583","15",583,"15.19","is.","D.x","^tcp",".19"
"584","23",584,"23.19","is.","C.x","tcp,self",".19"
"585","22",585,"22.19","sp.","C.x","tcp,self",".19"
"586","9",586,"9.19","bt.","D.x","^tcp",".19"
"587","1",587,"1.19","bt.","C.x","^tcp",".19"
"588","29",588,"29.19","lu.","D.x","tcp,self",".19"
"589","25",589,"25.19","bt.","D.x","tcp,self",".19"
"590","17",590,"17.19","bt.","C.x","tcp,self",".19"
"591","5",591,"5.19","lu.","C.x","^tcp",".19"
"592","10",592,"10.19","ep.","D.x","^tcp",".19"
"593","31",593,"31.19","is.","D.x","tcp,self",".19"
"594","21",594,"21.19","lu.","C.x","tcp,self",".19"
"595","18",595,"18.19","ep.","C.x","tcp,self",".19"
"596","14",596,"14.19","sp.","D.x","^tcp",".19"
"597","20",597,"20.19","mg.","C.x","tcp,self",".19"
"598","16",598,"16.19","ft.","D.x","^tcp",".19"
"599","7",599,"7.19","is.","C.x","^tcp",".19"
"600","27",600,"27.19","cg.","D.x","tcp,self",".19"
"601","28",601,"28.19","mg.","D.x","tcp,self",".19"
"602","4",602,"4.19","mg.","C.x","^tcp",".19"
"603","32",603,"32.19","ft.","D.x","tcp,self",".19"
"604","12",604,"12.19","mg.","D.x","^tcp",".19"
"605","3",605,"3.19","cg.","C.x","^tcp",".19"
"606","24",606,"24.19","ft.","C.x","tcp,self",".19"
"607","30",607,"30.19","sp.","D.x","tcp,self",".19"
"608","26",608,"26.19","ep.","D.x","tcp,self",".19"
"609","1",609,"1.20","bt.","C.x","^tcp",".20"
"610","26",610,"26.20","ep.","D.x","tcp,self",".20"
"611","8",611,"8.20","ft.","C.x","^tcp",".20"
"612","19",612,"19.20","cg.","C.x","tcp,self",".20"
"613","17",613,"17.20","bt.","C.x","tcp,self",".20"
"614","20",614,"20.20","mg.","C.x","tcp,self",".20"
"615","21",615,"21.20","lu.","C.x","tcp,self",".20"
"616","23",616,"23.20","is.","C.x","tcp,self",".20"
"617","27",617,"27.20","cg.","D.x","tcp,self",".20"
"618","16",618,"16.20","ft.","D.x","^tcp",".20"
"619","28",619,"28.20","mg.","D.x","tcp,self",".20"
"620","5",620,"5.20","lu.","C.x","^tcp",".20"
"621","32",621,"32.20","ft.","D.x","tcp,self",".20"
"622","24",622,"24.20","ft.","C.x","tcp,self",".20"
"623","2",623,"2.20","ep.","C.x","^tcp",".20"
"624","4",624,"4.20","mg.","C.x","^tcp",".20"
"625","22",625,"22.20","sp.","C.x","tcp,self",".20"
"626","31",626,"31.20","is.","D.x","tcp,self",".20"
"627","6",627,"6.20","sp.","C.x","^tcp",".20"
"628","25",628,"25.20","bt.","D.x","tcp,self",".20"
"629","30",629,"30.20","sp.","D.x","tcp,self",".20"
"630","18",630,"18.20","ep.","C.x","tcp,self",".20"
"631","13",631,"13.20","lu.","D.x","^tcp",".20"
"632","11",632,"11.20","cg.","D.x","^tcp",".20"
"633","3",633,"3.20","cg.","C.x","^tcp",".20"
"634","10",634,"10.20","ep.","D.x","^tcp",".20"
"635","9",635,"9.20","bt.","D.x","^tcp",".20"
"636","14",636,"14.20","sp.","D.x","^tcp",".20"
"637","15",637,"15.20","is.","D.x","^tcp",".20"
"638","12",638,"12.20","mg.","D.x","^tcp",".20"
"639","7",639,"7.20","is.","C.x","^tcp",".20"
"640","29",640,"29.20","lu.","D.x","tcp,self",".20"
"641","13",641,"13.21","lu.","D.x","^tcp",".21"
"642","28",642,"28.21","mg.","D.x","tcp,self",".21"
"643","16",643,"16.21","ft.","D.x","^tcp",".21"
"644","11",644,"11.21","cg.","D.x","^tcp",".21"
"645","4",645,"4.21","mg.","C.x","^tcp",".21"
"646","30",646,"30.21","sp.","D.x","tcp,self",".21"
"647","15",647,"15.21","is.","D.x","^tcp",".21"
"648","32",648,"32.21","ft.","D.x","tcp,self",".21"
"649","19",649,"19.21","cg.","C.x","tcp,self",".21"
"650","27",650,"27.21","cg.","D.x","tcp,self",".21"
"651","7",651,"7.21","is.","C.x","^tcp",".21"
"652","18",652,"18.21","ep.","C.x","tcp,self",".21"
"653","1",653,"1.21","bt.","C.x","^tcp",".21"
"654","31",654,"31.21","is.","D.x","tcp,self",".21"
"655","5",655,"5.21","lu.","C.x","^tcp",".21"
"656","14",656,"14.21","sp.","D.x","^tcp",".21"
"657","6",657,"6.21","sp.","C.x","^tcp",".21"
"658","24",658,"24.21","ft.","C.x","tcp,self",".21"
"659","2",659,"2.21","ep.","C.x","^tcp",".21"
"660","10",660,"10.21","ep.","D.x","^tcp",".21"
"661","20",661,"20.21","mg.","C.x","tcp,self",".21"
"662","3",662,"3.21","cg.","C.x","^tcp",".21"
"663","12",663,"12.21","mg.","D.x","^tcp",".21"
"664","29",664,"29.21","lu.","D.x","tcp,self",".21"
"665","21",665,"21.21","lu.","C.x","tcp,self",".21"
"666","17",666,"17.21","bt.","C.x","tcp,self",".21"
"667","26",667,"26.21","ep.","D.x","tcp,self",".21"
"668","25",668,"25.21","bt.","D.x","tcp,self",".21"
"669","23",669,"23.21","is.","C.x","tcp,self",".21"
"670","8",670,"8.21","ft.","C.x","^tcp",".21"
"671","9",671,"9.21","bt.","D.x","^tcp",".21"
"672","22",672,"22.21","sp.","C.x","tcp,self",".21"
"673","12",673,"12.22","mg.","D.x","^tcp",".22"
"674","30",674,"30.22","sp.","D.x","tcp,self",".22"
"675","29",675,"29.22","lu.","D.x","tcp,self",".22"
"676","24",676,"24.22","ft.","C.x","tcp,self",".22"
"677","3",677,"3.22","cg.","C.x","^tcp",".22"
"678","18",678,"18.22","ep.","C.x","tcp,self",".22"
"679","26",679,"26.22","ep.","D.x","tcp,self",".22"
"680","28",680,"28.22","mg.","D.x","tcp,self",".22"
"681","15",681,"15.22","is.","D.x","^tcp",".22"
"682","7",682,"7.22","is.","C.x","^tcp",".22"
"683","1",683,"1.22","bt.","C.x","^tcp",".22"
"684","20",684,"20.22","mg.","C.x","tcp,self",".22"
"685","9",685,"9.22","bt.","D.x","^tcp",".22"
"686","14",686,"14.22","sp.","D.x","^tcp",".22"
"687","16",687,"16.22","ft.","D.x","^tcp",".22"
"688","32",688,"32.22","ft.","D.x","tcp,self",".22"
"689","17",689,"17.22","bt.","C.x","tcp,self",".22"
"690","19",690,"19.22","cg.","C.x","tcp,self",".22"
"691","6",691,"6.22","sp.","C.x","^tcp",".22"
"692","13",692,"13.22","lu.","D.x","^tcp",".22"
"693","11",693,"11.22","cg.","D.x","^tcp",".22"
"694","22",694,"22.22","sp.","C.x","tcp,self",".22"
"695","21",695,"21.22","lu.","C.x","tcp,self",".22"
"696","2",696,"2.22","ep.","C.x","^tcp",".22"
"697","27",697,"27.22","cg.","D.x","tcp,self",".22"
"698","31",698,"31.22","is.","D.x","tcp,self",".22"
"699","5",699,"5.22","lu.","C.x","^tcp",".22"
"700","4",700,"4.22","mg.","C.x","^tcp",".22"
"701","10",701,"10.22","ep.","D.x","^tcp",".22"
"702","8",702,"8.22","ft.","C.x","^tcp",".22"
"703","23",703,"23.22","is.","C.x","tcp,self",".22"
"704","25",704,"25.22","bt.","D.x","tcp,self",".22"
"705","9",705,"9.23","bt.","D.x","^tcp",".23"
"706","23",706,"23.23","is.","C.x","tcp,self",".23"
"707","32",707,"32.23","ft.","D.x","tcp,self",".23"
"708","11",708,"11.23","cg.","D.x","^tcp",".23"
"709","22",709,"22.23","sp.","C.x","tcp,self",".23"
"710","25",710,"25.23","bt.","D.x","tcp,self",".23"
"711","10",711,"10.23","ep.","D.x","^tcp",".23"
"712","6",712,"6.23","sp.","C.x","^tcp",".23"
"713","28",713,"28.23","mg.","D.x","tcp,self",".23"
"714","31",714,"31.23","is.","D.x","tcp,self",".23"
"715","2",715,"2.23","ep.","C.x","^tcp",".23"
"716","3",716,"3.23","cg.","C.x","^tcp",".23"
"717","1",717,"1.23","bt.","C.x","^tcp",".23"
"718","24",718,"24.23","ft.","C.x","tcp,self",".23"
"719","5",719,"5.23","lu.","C.x","^tcp",".23"
"720","19",720,"19.23","cg.","C.x","tcp,self",".23"
"721","30",721,"30.23","sp.","D.x","tcp,self",".23"
"722","26",722,"26.23","ep.","D.x","tcp,self",".23"
"723","12",723,"12.23","mg.","D.x","^tcp",".23"
"724","16",724,"16.23","ft.","D.x","^tcp",".23"
"725","17",725,"17.23","bt.","C.x","tcp,self",".23"
"726","14",726,"14.23","sp.","D.x","^tcp",".23"
"727","7",727,"7.23","is.","C.x","^tcp",".23"
"728","4",728,"4.23","mg.","C.x","^tcp",".23"
"729","27",729,"27.23","cg.","D.x","tcp,self",".23"
"730","29",730,"29.23","lu.","D.x","tcp,self",".23"
"731","18",731,"18.23","ep.","C.x","tcp,self",".23"
"732","20",732,"20.23","mg.","C.x","tcp,self",".23"
"733","13",733,"13.23","lu.","D.x","^tcp",".23"
"734","15",734,"15.23","is.","D.x","^tcp",".23"
"735","21",735,"21.23","lu.","C.x","tcp,self",".23"
"736","8",736,"8.23","ft.","C.x","^tcp",".23"
"737","8",737,"8.24","ft.","C.x","^tcp",".24"
"738","16",738,"16.24","ft.","D.x","^tcp",".24"
"739","14",739,"14.24","sp.","D.x","^tcp",".24"
"740","21",740,"21.24","lu.","C.x","tcp,self",".24"
"741","25",741,"25.24","bt.","D.x","tcp,self",".24"
"742","6",742,"6.24","sp.","C.x","^tcp",".24"
"743","22",743,"22.24","sp.","C.x","tcp,self",".24"
"744","32",744,"32.24","ft.","D.x","tcp,self",".24"
"745","29",745,"29.24","lu.","D.x","tcp,self",".24"
"746","3",746,"3.24","cg.","C.x","^tcp",".24"
"747","28",747,"28.24","mg.","D.x","tcp,self",".24"
"748","5",748,"5.24","lu.","C.x","^tcp",".24"
"749","30",749,"30.24","sp.","D.x","tcp,self",".24"
"750","13",750,"13.24","lu.","D.x","^tcp",".24"
"751","23",751,"23.24","is.","C.x","tcp,self",".24"
"752","24",752,"24.24","ft.","C.x","tcp,self",".24"
"753","19",753,"19.24","cg.","C.x","tcp,self",".24"
"754","18",754,"18.24","ep.","C.x","tcp,self",".24"
"755","9",755,"9.24","bt.","D.x","^tcp",".24"
"756","11",756,"11.24","cg.","D.x","^tcp",".24"
"757","7",757,"7.24","is.","C.x","^tcp",".24"
"758","31",758,"31.24","is.","D.x","tcp,self",".24"
"759","4",759,"4.24","mg.","C.x","^tcp",".24"
"760","10",760,"10.24","ep.","D.x","^tcp",".24"
"761","12",761,"12.24","mg.","D.x","^tcp",".24"
"762","15",762,"15.24","is.","D.x","^tcp",".24"
"763","17",763,"17.24","bt.","C.x","tcp,self",".24"
"764","26",764,"26.24","ep.","D.x","tcp,self",".24"
"765","20",765,"20.24","mg.","C.x","tcp,self",".24"
"766","1",766,"1.24","bt.","C.x","^tcp",".24"
"767","2",767,"2.24","ep.","C.x","^tcp",".24"
"768","27",768,"27.24","cg.","D.x","tcp,self",".24"
"769","28",769,"28.25","mg.","D.x","tcp,self",".25"
"770","30",770,"30.25","sp.","D.x","tcp,self",".25"
"771","10",771,"10.25","ep.","D.x","^tcp",".25"
"772","6",772,"6.25","sp.","C.x","^tcp",".25"
"773","31",773,"31.25","is.","D.x","tcp,self",".25"
"774","26",774,"26.25","ep.","D.x","tcp,self",".25"
"775","7",775,"7.25","is.","C.x","^tcp",".25"
"776","18",776,"18.25","ep.","C.x","tcp,self",".25"
"777","19",777,"19.25","cg.","C.x","tcp,self",".25"
"778","25",778,"25.25","bt.","D.x","tcp,self",".25"
"779","21",779,"21.25","lu.","C.x","tcp,self",".25"
"780","14",780,"14.25","sp.","D.x","^tcp",".25"
"781","15",781,"15.25","is.","D.x","^tcp",".25"
"782","20",782,"20.25","mg.","C.x","tcp,self",".25"
"783","32",783,"32.25","ft.","D.x","tcp,self",".25"
"784","5",784,"5.25","lu.","C.x","^tcp",".25"
"785","29",785,"29.25","lu.","D.x","tcp,self",".25"
"786","1",786,"1.25","bt.","C.x","^tcp",".25"
"787","24",787,"24.25","ft.","C.x","tcp,self",".25"
"788","16",788,"16.25","ft.","D.x","^tcp",".25"
"789","13",789,"13.25","lu.","D.x","^tcp",".25"
"790","23",790,"23.25","is.","C.x","tcp,self",".25"
"791","12",791,"12.25","mg.","D.x","^tcp",".25"
"792","9",792,"9.25","bt.","D.x","^tcp",".25"
"793","22",793,"22.25","sp.","C.x","tcp,self",".25"
"794","11",794,"11.25","cg.","D.x","^tcp",".25"
"795","8",795,"8.25","ft.","C.x","^tcp",".25"
"796","17",796,"17.25","bt.","C.x","tcp,self",".25"
"797","2",797,"2.25","ep.","C.x","^tcp",".25"
"798","27",798,"27.25","cg.","D.x","tcp,self",".25"
"799","3",799,"3.25","cg.","C.x","^tcp",".25"
"800","4",800,"4.25","mg.","C.x","^tcp",".25"
"801","12",801,"12.26","mg.","D.x","^tcp",".26"
"802","11",802,"11.26","cg.","D.x","^tcp",".26"
"803","16",803,"16.26","ft.","D.x","^tcp",".26"
"804","31",804,"31.26","is.","D.x","tcp,self",".26"
"805","21",805,"21.26","lu.","C.x","tcp,self",".26"
"806","6",806,"6.26","sp.","C.x","^tcp",".26"
"807","24",807,"24.26","ft.","C.x","tcp,self",".26"
"808","8",808,"8.26","ft.","C.x","^tcp",".26"
"809","28",809,"28.26","mg.","D.x","tcp,self",".26"
"810","7",810,"7.26","is.","C.x","^tcp",".26"
"811","3",811,"3.26","cg.","C.x","^tcp",".26"
"812","10",812,"10.26","ep.","D.x","^tcp",".26"
"813","1",813,"1.26","bt.","C.x","^tcp",".26"
"814","5",814,"5.26","lu.","C.x","^tcp",".26"
"815","19",815,"19.26","cg.","C.x","tcp,self",".26"
"816","4",816,"4.26","mg.","C.x","^tcp",".26"
"817","29",817,"29.26","lu.","D.x","tcp,self",".26"
"818","9",818,"9.26","bt.","D.x","^tcp",".26"
"819","2",819,"2.26","ep.","C.x","^tcp",".26"
"820","30",820,"30.26","sp.","D.x","tcp,self",".26"
"821","26",821,"26.26","ep.","D.x","tcp,self",".26"
"822","14",822,"14.26","sp.","D.x","^tcp",".26"
"823","13",823,"13.26","lu.","D.x","^tcp",".26"
"824","27",824,"27.26","cg.","D.x","tcp,self",".26"
"825","15",825,"15.26","is.","D.x","^tcp",".26"
"826","32",826,"32.26","ft.","D.x","tcp,self",".26"
"827","20",827,"20.26","mg.","C.x","tcp,self",".26"
"828","22",828,"22.26","sp.","C.x","tcp,self",".26"
"829","25",829,"25.26","bt.","D.x","tcp,self",".26"
"830","17",830,"17.26","bt.","C.x","tcp,self",".26"
"831","18",831,"18.26","ep.","C.x","tcp,self",".26"
"832","23",832,"23.26","is.","C.x","tcp,self",".26"
"833","12",833,"12.27","mg.","D.x","^tcp",".27"
"834","22",834,"22.27","sp.","C.x","tcp,self",".27"
"835","25",835,"25.27","bt.","D.x","tcp,self",".27"
"836","13",836,"13.27","lu.","D.x","^tcp",".27"
"837","32",837,"32.27","ft.","D.x","tcp,self",".27"
"838","3",838,"3.27","cg.","C.x","^tcp",".27"
"839","8",839,"8.27","ft.","C.x","^tcp",".27"
"840","2",840,"2.27","ep.","C.x","^tcp",".27"
"841","23",841,"23.27","is.","C.x","tcp,self",".27"
"842","31",842,"31.27","is.","D.x","tcp,self",".27"
"843","9",843,"9.27","bt.","D.x","^tcp",".27"
"844","16",844,"16.27","ft.","D.x","^tcp",".27"
"845","7",845,"7.27","is.","C.x","^tcp",".27"
"846","5",846,"5.27","lu.","C.x","^tcp",".27"
"847","20",847,"20.27","mg.","C.x","tcp,self",".27"
"848","18",848,"18.27","ep.","C.x","tcp,self",".27"
"849","28",849,"28.27","mg.","D.x","tcp,self",".27"
"850","21",850,"21.27","lu.","C.x","tcp,self",".27"
"851","10",851,"10.27","ep.","D.x","^tcp",".27"
"852","30",852,"30.27","sp.","D.x","tcp,self",".27"
"853","4",853,"4.27","mg.","C.x","^tcp",".27"
"854","15",854,"15.27","is.","D.x","^tcp",".27"
"855","24",855,"24.27","ft.","C.x","tcp,self",".27"
"856","27",856,"27.27","cg.","D.x","tcp,self",".27"
"857","14",857,"14.27","sp.","D.x","^tcp",".27"
"858","1",858,"1.27","bt.","C.x","^tcp",".27"
"859","11",859,"11.27","cg.","D.x","^tcp",".27"
"860","17",860,"17.27","bt.","C.x","tcp,self",".27"
"861","26",861,"26.27","ep.","D.x","tcp,self",".27"
"862","29",862,"29.27","lu.","D.x","tcp,self",".27"
"863","19",863,"19.27","cg.","C.x","tcp,self",".27"
"864","6",864,"6.27","sp.","C.x","^tcp",".27"
"865","27",865,"27.28","cg.","D.x","tcp,self",".28"
"866","21",866,"21.28","lu.","C.x","tcp,self",".28"
"867","13",867,"13.28","lu.","D.x","^tcp",".28"
"868","16",868,"16.28","ft.","D.x","^tcp",".28"
"869","7",869,"7.28","is.","C.x","^tcp",".28"
"870","25",870,"25.28","bt.","D.x","tcp,self",".28"
"871","10",871,"10.28","ep.","D.x","^tcp",".28"
"872","19",872,"19.28","cg.","C.x","tcp,self",".28"
"873","3",873,"3.28","cg.","C.x","^tcp",".28"
"874","30",874,"30.28","sp.","D.x","tcp,self",".28"
"875","29",875,"29.28","lu.","D.x","tcp,self",".28"
"876","32",876,"32.28","ft.","D.x","tcp,self",".28"
"877","14",877,"14.28","sp.","D.x","^tcp",".28"
"878","31",878,"31.28","is.","D.x","tcp,self",".28"
"879","26",879,"26.28","ep.","D.x","tcp,self",".28"
"880","2",880,"2.28","ep.","C.x","^tcp",".28"
"881","22",881,"22.28","sp.","C.x","tcp,self",".28"
"882","11",882,"11.28","cg.","D.x","^tcp",".28"
"883","24",883,"24.28","ft.","C.x","tcp,self",".28"
"884","8",884,"8.28","ft.","C.x","^tcp",".28"
"885","20",885,"20.28","mg.","C.x","tcp,self",".28"
"886","28",886,"28.28","mg.","D.x","tcp,self",".28"
"887","6",887,"6.28","sp.","C.x","^tcp",".28"
"888","15",888,"15.28","is.","D.x","^tcp",".28"
"889","23",889,"23.28","is.","C.x","tcp,self",".28"
"890","4",890,"4.28","mg.","C.x","^tcp",".28"
"891","9",891,"9.28","bt.","D.x","^tcp",".28"
"892","5",892,"5.28","lu.","C.x","^tcp",".28"
"893","18",893,"18.28","ep.","C.x","tcp,self",".28"
"894","1",894,"1.28","bt.","C.x","^tcp",".28"
"895","17",895,"17.28","bt.","C.x","tcp,self",".28"
"896","12",896,"12.28","mg.","D.x","^tcp",".28"
"897","27",897,"27.29","cg.","D.x","tcp,self",".29"
"898","2",898,"2.29","ep.","C.x","^tcp",".29"
"899","9",899,"9.29","bt.","D.x","^tcp",".29"
"900","19",900,"19.29","cg.","C.x","tcp,self",".29"
"901","12",901,"12.29","mg.","D.x","^tcp",".29"
"902","10",902,"10.29","ep.","D.x","^tcp",".29"
"903","24",903,"24.29","ft.","C.x","tcp,self",".29"
"904","28",904,"28.29","mg.","D.x","tcp,self",".29"
"905","23",905,"23.29","is.","C.x","tcp,self",".29"
"906","6",906,"6.29","sp.","C.x","^tcp",".29"
"907","8",907,"8.29","ft.","C.x","^tcp",".29"
"908","13",908,"13.29","lu.","D.x","^tcp",".29"
"909","11",909,"11.29","cg.","D.x","^tcp",".29"
"910","21",910,"21.29","lu.","C.x","tcp,self",".29"
"911","31",911,"31.29","is.","D.x","tcp,self",".29"
"912","22",912,"22.29","sp.","C.x","tcp,self",".29"
"913","25",913,"25.29","bt.","D.x","tcp,self",".29"
"914","3",914,"3.29","cg.","C.x","^tcp",".29"
"915","26",915,"26.29","ep.","D.x","tcp,self",".29"
"916","7",916,"7.29","is.","C.x","^tcp",".29"
"917","4",917,"4.29","mg.","C.x","^tcp",".29"
"918","15",918,"15.29","is.","D.x","^tcp",".29"
"919","16",919,"16.29","ft.","D.x","^tcp",".29"
"920","5",920,"5.29","lu.","C.x","^tcp",".29"
"921","30",921,"30.29","sp.","D.x","tcp,self",".29"
"922","32",922,"32.29","ft.","D.x","tcp,self",".29"
"923","20",923,"20.29","mg.","C.x","tcp,self",".29"
"924","17",924,"17.29","bt.","C.x","tcp,self",".29"
"925","18",925,"18.29","ep.","C.x","tcp,self",".29"
"926","14",926,"14.29","sp.","D.x","^tcp",".29"
"927","1",927,"1.29","bt.","C.x","^tcp",".29"
"928","29",928,"29.29","lu.","D.x","tcp,self",".29"
"929","24",929,"24.30","ft.","C.x","tcp,self",".30"
"930","26",930,"26.30","ep.","D.x","tcp,self",".30"
"931","22",931,"22.30","sp.","C.x","tcp,self",".30"
"932","23",932,"23.30","is.","C.x","tcp,self",".30"
"933","3",933,"3.30","cg.","C.x","^tcp",".30"
"934","5",934,"5.30","lu.","C.x","^tcp",".30"
"935","20",935,"20.30","mg.","C.x","tcp,self",".30"
"936","31",936,"31.30","is.","D.x","tcp,self",".30"
"937","30",937,"30.30","sp.","D.x","tcp,self",".30"
"938","15",938,"15.30","is.","D.x","^tcp",".30"
"939","6",939,"6.30","sp.","C.x","^tcp",".30"
"940","10",940,"10.30","ep.","D.x","^tcp",".30"
"941","13",941,"13.30","lu.","D.x","^tcp",".30"
"942","12",942,"12.30","mg.","D.x","^tcp",".30"
"943","17",943,"17.30","bt.","C.x","tcp,self",".30"
"944","7",944,"7.30","is.","C.x","^tcp",".30"
"945","14",945,"14.30","sp.","D.x","^tcp",".30"
"946","21",946,"21.30","lu.","C.x","tcp,self",".30"
"947","25",947,"25.30","bt.","D.x","tcp,self",".30"
"948","1",948,"1.30","bt.","C.x","^tcp",".30"
"949","8",949,"8.30","ft.","C.x","^tcp",".30"
"950","9",950,"9.30","bt.","D.x","^tcp",".30"
"951","19",951,"19.30","cg.","C.x","tcp,self",".30"
"952","4",952,"4.30","mg.","C.x","^tcp",".30"
"953","16",953,"16.30","ft.","D.x","^tcp",".30"
"954","27",954,"27.30","cg.","D.x","tcp,self",".30"
"955","2",955,"2.30","ep.","C.x","^tcp",".30"
"956","18",956,"18.30","ep.","C.x","tcp,self",".30"
"957","29",957,"29.30","lu.","D.x","tcp,self",".30"
"958","28",958,"28.30","mg.","D.x","tcp,self",".30"
"959","32",959,"32.30","ft.","D.x","tcp,self",".30"
"960","11",960,"11.30","cg.","D.x","^tcp",".30"
